AHG_UAT : https://phmadminuat.healthec.com/AHGCR0137/
AHG_PROD : https://phmadmin.healthec.com/AHGCR0137/
ARS_UAT : https://phmadminuat.healthec.com/ARSCR0143/
ARS_PROD : https://phmadmin.healthec.com/ARSCR0143/
DCPCA_UAT :  https://phmadminuat.healthec.com/DCPCAUAT/
DCPCA_PROD : https://phmadmin2.healthec.com/DCPCACR0161/
PGC_PROD : https://phmadmin2.healthec.com/PGCCR0174/
HECCR001_UAT : https://phmadminuat.healthec.com/HECCR001/
HECCR001_PROD : https://phmadmin2.healthec.com/HECCR001/
PPO_UAT : https://Phmadminuat.HealthEC.com/PPOCR0145/
PPO_PROD : https://phmadmin.healthec.com/PPOCR0145/
SQP_PROD : https://phmadmin2.healthec.com/SQPCR0167/
Labcorp_DEMO : https://phmadmindemo.healthec.com/LABCR0140
HEC_DEMO : https://phmadmindemo.healthec.com/providerdir/
HECEXTRACT_DEMO : https://phmadminuat.healthec.com/HECDemoEXP/
TCPI_PROD : https://phmadmin.healthec.com/TCPICR0184/
ARS_UAT : https://phmadminuat.healthec.com/ARSCR0143
ARS_PROD : https://phmadmin.healthec.com/ARSCR0143/
LABHUB_UAT : https://phmuat.healthec.com/LabHub/
LABHUB_PROD : https://phm.healthec.com/LabHub/
JCMC_PROD : https://phmadmin.healthec.com/JCMCCR0142/
CDI_PROD : https://phmadmin.healthec.com/CDICR0136/
JFK_PROD : https://phmadmin.healthec.com/JFKCR0134/
GNY_PROD : https://phmadmin.healthec.com/GNYCR0165/
LHN_PROD : https://phmadmin.healthec.com/LHNCR0139/
NEXTGEN_PROD : https://phmadmin.healthec.com/LHNCR0139/
TPINCR0190_PROD : https://phmadmin2.healthec.com/TPINCR0190/
ACSCR0187_UAT : https://phmadminuat.healthec.com/ACSCR0187/
ACSCR0187_PROD : https://phmadmin.healthec.com/ACSCR0187/
DHCFCR0189_PROD : https://phmadmin.healthec.com/DHCFCR0189/
HECCR002_PROD : https://phmadmin2.healthec.com/HECCR002/
MERCYCR0194_PROD : https://phmadmin2.healthec.com/MERCYCR0194/
LHNCR0139A_PROD : https://phmadmin2.healthec.com/LHNCR0139A/
STMARYCR0193_PROD : https://phmadmin2.healthec.com/STMARYCR0193/
PMSICR0205_PROD : https://phmadmin2.healthec.com/PMSICR0205/